name,category
(Over-) Toiletstoel,Hulpmiddel
(Uitwendige) elektrostimulator,Hulpmiddel
(filter) Brillenglazen bij medische diagnose voor verzekerden onder de 18 jaar,Hulpmiddel
(filter) Contactlenzen bij medische diagnose,Hulpmiddel
ACD,Hulpmiddel
AD matras,Hulpmiddel
ADHD,Aandoening
ADL hond,Hulpmiddel
AIDS,Aandoening
ALK,Aandoening
ASV-apparatuur,Hulpmiddel
AVM,Aandoening
Aambeien - Dermatologie,Aandoening
Aambeien - Heelkunde,Aandoening
Aandachtstekort- en gedragsstoornissen,Aandoening
Aangeboren hartafwijkingen,Aandoening
Aangeboren heupafwijking,Aandoening
Aangepaste in- en uitvoerapparatuur,Hulpmiddel
Aangepaste software,Hulpmiddel
Aangepaste software voor slechtzienden,Hulpmiddel
Aangepaste stoel,Hulpmiddel
Aangepaste stoel voor een kind,Hulpmiddel
Aangepaste tafel,Hulpmiddel
Aangezichtsverlamming,Aandoening
Aantrekhulp voor elastische kousen,Hulpmiddel
Aardbeineus,Aandoening
Abces - Dermatologie,Aandoening
Abces - Heelkunde,Aandoening
Abdominoplastiek,Behandeling
Abortus,Behandeling
Achterkapselruptuur,Aandoening
Achterste kruisbandoperatie,Behandeling
Achterste kruisbandreconstructie,Behandeling
Acne,Aandoening
Acupunctuur,Behandeling
Acute stressstoornis,Aandoening
Ademhalingsstoornissen,Aandoening
Aderverkalking,Aandoening
Advies arts verstandelijk gehandicapten (AVG),Behandeling
Advies specialist ouderengeneeskunde (SO),Behandeling
Afdekpleister voor het oog,Hulpmiddel
Afvallen,Aandoening
Afwijking alvleesklier,Aandoening
Afwijkingen oorschelp,Aandoening
Afwijkingen van de gehoorbeentjes,Aandoening
Alcohol,Aandoening
Alcohol en overige middelen,Aandoening
Algehele anesthesie m.b.t. mondzorg in bijzondere gevallen (narcose),Behandeling
Algemene voetzorg door podotherapeut,Behandeling
Algemene voetzorg door register-podoloog,Behandeling
Allergeenvrije schoenen,Hulpmiddel
Allergie (Allergologie),Aandoening
Allergisch contact eczeem,Aandoening
Allergologie,Specialisme
Allergoloog,Zorgverlener
Alternatieve geneeswijzen,Specialisme
Alternatieve zorg,Specialisme
Alvleesklier transplantatie,Behandeling
Alvleesklierkanker - Oncologie,Aandoening
Alvleesklierverwijdering,Behandeling
Alzheimer,Aandoening
Alzheimer - Neurologie,Aandoening
Amblyopie,Aandoening
Anaaltampons,Hulpmiddel
Anesthesist en/of Anesthesioloog,Zorgverlener
Aneurysma van de aorta,Aandoening
Angina pectoris,Aandoening
Angiografisch onderzoek,Behandeling
Angst,Aandoening
Angst voor de tandarts vanuit bijzondere tandheelkunde met algehele anesthesie (narcose),Behandeling
Angst voor de tandarts vanuit bijzondere tandheelkunde met lachgas (roesje),Behandeling
Angststoornissen,Aandoening
Anorexia,Aandoening
Anterior Interosseous Syndroom,Aandoening
Anti-decubitus (AD) matras,Hulpmiddel
Anti-decubitus (AD) zitkkussen,Hulpmiddel
Anti-refluxoperatie,Behandeling
Anti-snurkbehandeling,Behandeling
Anti-sociale persoonlijkheidsstoornis,Aandoening
Anti-varusschoen,Hulpmiddel
Anticonceptie,Hulpmiddel
Anticonceptie hulpmiddelen (pessarium, spiraaltje),Hulpmiddel
Antroposofische consulten,Behandeling
Apotheek,Instelling
Apotheek (online),Instelling
Apparatuur voor compressietherapie,Hulpmiddel
Apps voor doven en slechthorenden om te bellen,Hulpmiddel
Arfid,Aandoening
Armkousen,Hulpmiddel
Armlift,Behandeling
Armondersteuning,Hulpmiddel
Armorthese,Hulpmiddel
Armprothese,Hulpmiddel
Arterieel vaatlijden,Aandoening
Arthrodesekoker,Hulpmiddel
Arthroscopie van de schouder,Behandeling
Artrodese,Behandeling
Artroscopie knie,Behandeling
Artroscopie van de schouder,Behandeling
Artrose,Aandoening
Asperger,Aandoening
Astigmatisme,Aandoening
Astma,Aandoening
Astmacentra,Instelling
Atopisch eczeem,Aandoening
Audiciens,Zorgverlener
Audiologisch centrum,Instelling
Auditief gehandicaptenzorg,Behandeling
Auditief zintuigelijk gehandicaptenzorg,Behandeling
Auriculotherapie (Oor acupunctuur),Specialisme
Autisme,Aandoening
Auto Adaptieve Knie (AAK),Hulpmiddel
Baarmoeder verwijderen,Behandeling
Baarmoederhalsafwijkingen,Aandoening
Baarmoederhalskanker,Aandoening
Baarmoederkanker,Aandoening
Badplank,Hulpmiddel
Bandagelenzen,Hulpmiddel
Bariatrie,Specialisme
Bariatrie België,Specialisme
Bariatrische chirurgie,Behandeling
Basaalcelcarcinoom - Dermatologie,Aandoening
Basis GGZ,Behandeling
Bedbeugel voor kortdurend gebruik,Hulpmiddel
Bedbeugel voor langdurend gebruik,Hulpmiddel
Bedden,Hulpmiddel
Bedgalg voor kortdurend gebruik,Hulpmiddel
Bedgalg voor langdurend gebruik,Hulpmiddel
Bedheffer voor kortdurend gebruik,Hulpmiddel
Bedheffer voor langdurend gebruik,Hulpmiddel
Bedhekken voor kortdurend gebruik,Hulpmiddel
Bedhekken voor langdurend gebruik,Hulpmiddel
Bedpapegaai voor kortdurend gebruik,Hulpmiddel
Bedpapegaai voor langdurend gebruik,Hulpmiddel
Bedrugsteun,Hulpmiddel
Bedtafel voor kortdurend gebruik,Hulpmiddel
Bedtafel voor langdurend gebruik,Hulpmiddel
Bedverhogers,Hulpmiddel
Bedverkorters voor kortdurend gebruik,Hulpmiddel
Bedverlengers voor kortdurend gebruik,Hulpmiddel
Beeldschermloep,Hulpmiddel
Beeldschermloep met voorleesfunctie,Hulpmiddel
Beeldvervorming,Aandoening
Beenkousen,Hulpmiddel
Beenmergkanker,Aandoening
Beenprothese,Hulpmiddel
Behandeling aan de voet,Behandeling
Behandeling gedragswetenschapper,Behandeling
Behandelprogramma Hersenz,Behandeling
Bekkenband,Hulpmiddel
Bekkenbodemklachten,Aandoening
Bekkeninstabiliteit,Aandoening
Belemmering van de darmwerking,Aandoening
Benauwdheid,Aandoening
Beroerte,Aandoening
Beschadiging meniscus,Aandoening
Beschadiging netvlies door diabetes,Aandoening
Beschadiging netvlies door suikerziekte,Aandoening
Besnijdenis (medische indicatie) - Heelkunde,Behandeling
Besnijdenis (medische indicatie) - Urologie,Behandeling
Bestraling,Behandeling
Bestraling - radiotherapie,Behandeling
Beugelapparatuur,Hulpmiddel
Bevallen,Behandeling
Bevalling,Behandeling
Bevallingsspecialisme,Specialisme
Beweegprogramma,Behandeling
Bijniercarcinoom,Aandoening
Bijnierkanker,Aandoening
Bijziendheid,Aandoening
Bindvliesontsteking,Aandoening
Binge-eating,Aandoening
Bioptic,Hulpmiddel
Bipap ST-apparatuur,Hulpmiddel
Bipolair,Aandoening
Bipolaire stoornissen,Aandoening
Blaasgezwel (blaastumor),Aandoening
Blaaskanker,Aandoening
Blaasontsteking,Aandoening
Blaasresectie,Behandeling
Blaasstenen,Aandoening
Blaasvergroting,Behandeling
Blaasverwijdering,Behandeling
Blaasverwijdering België,Behandeling
Blaasverzakking,Aandoening
Bladomslagapparatuur,Hulpmiddel
Blepharitis,Aandoening
Blind,Aandoening
Blindedarmontsteking,Aandoening
Blindengeleidehond,Hulpmiddel
Blindengeleidestok,Hulpmiddel
Bloedglucosemeter,Hulpmiddel
Bloedglucosetestmeter,Hulpmiddel
Bloedkanker,Aandoening
Bloedplassen,Aandoening
Bloedprikken (eerstelijns diagnostiek),Behandeling
Bloedsuikermeter,Hulpmiddel
Bloedvergiftiging,Aandoening
Body dysmorfic,Aandoening
Borderline,Aandoening
Borstimplantaat verwijderen,Behandeling
Borstkanker,Aandoening
Borstkanker België,Aandoening
Borstlift,Behandeling
Borstprothese,Hulpmiddel
Borstprothese (medische indicatie),Hulpmiddel
Borstreconstructie,Behandeling
Borstresectie,Behandeling
Borstvergroting,Behandeling
Borstverkleining,Behandeling
Borstvermindering bij man,Behandeling
Borstvermindering bij man (gynecomastia),Behandeling
Borstvlieskanker,Aandoening
Botdichtheidsmeting,Behandeling
Botkanker,Aandoening
Botontkalking,Aandoening
Botverankerd hoortoestel met softband,Hulpmiddel
Boulemie,Aandoening
Boulimia,Aandoening
Bovenooglidcorrectie - Plastische Chirurgie,Behandeling
Bovenooglidcorrecties - Oogheelkunde,Behandeling
Bowen therapie,Behandeling
Brace,Hulpmiddel
Braille leesregel,Hulpmiddel
Brailleprinter,Hulpmiddel
Brailleschrijfmachines,Hulpmiddel
Brandwonden,Aandoening
Bronchitis,Aandoening
Bronchoscopie,Behandeling
Buikwandcorrectie,Behandeling
Bypass operatie rond het hart,Behandeling
Bypass tbv gewichtsverlies,Behandeling
CMD,Aandoening
COPD,Aandoening
CPAP-apparatuur,Hulpmiddel
CT-scan,Behandeling
CVA,Aandoening
Canabis verslaving,Aandoening
Cardiologie,Specialisme
Cardiologische revalidatie - Revalidatiegeneeskunde,Behandeling
Cardioloog,Zorgverlener
Cardiovasculair Risico Management / CVR,Behandeling
Carotisendarterectomie,Behandeling
Carotisstenose - Cardiologie,Aandoening
Carotisstenose - Heelkunde,Aandoening
Carpaal tunnel syndroom - Heelkunde,Aandoening
Carpaal tunnel syndroom - Neurochirurgie,Aandoening
Carpaal tunnel syndroom - Neurologie,Aandoening
Carpaal tunnel syndroom - Orthopedie,Aandoening
Carpaal tunnel syndroom - Plastische Chirurgie,Aandoening
Casemanagement dementie,Behandeling
Cataract,Aandoening
Cellulitis,Aandoening
Centrale zorgverlener GLI kinderen (CZV),Zorgverlener
Centrum voor bijzondere tandheelkunde,Instelling
Centrum voor mondzorg,Instelling
Centrum voor mondzorg, algemene mondzorg,Instelling
Cervicale discotomie - Neurochirurgie,Behandeling
Cervicale discotomie - Orthopedie,Behandeling
Cervicale kanaalstenose,Aandoening
Cervicale kanaalstenose - Orthopedie,Aandoening
Cervix kanker,Aandoening
Cervixcarcinoom,Aandoening
Chemotherapie,Behandeling
Chiropractie,Specialisme
Chirurg,Zorgverlener
Chirurgie,Specialisme
Chlamydia,Aandoening
Chromosoomonderzoek,Behandeling
Chronisch Vermoeidheidssyndroom,Aandoening
Chronische depressie,Aandoening
Chronische verkoudheid,Aandoening
Cilinderafwijking van het oog,Aandoening
Claudicatio intermittens dotterbehandelingen,Behandeling
Cocaïne verslaving,Aandoening
Coeliakie,Aandoening
Cognitieve stoornis,Aandoening
Colitis Ulcerosa,Aandoening
Colonscopie,Behandeling
Colposcopie,Behandeling
Communicatieapparatuur,Hulpmiddel
Compressie apparatuur,Hulpmiddel
Compressiehulpmiddelen t.b.v. wondbehandeling,Hulpmiddel
Concentrator,Hulpmiddel
Congenitale heupdysplasie,Aandoening
Conjunctivitis,Aandoening
Constitutioneel eczeem,Aandoening
Consult arts verstandelijk gehandicapten (AVG),Behandeling
Consult specialist ouderengeneeskunde (SO),Behandeling
Contact eczeem,Aandoening
Coronaire microvasculaire dysfunctie,Aandoening
Counseling,Specialisme
Couperose,Aandoening
Craniotomie,Behandeling
Creatieve therapie,Specialisme
Curretage,Behandeling
Cyclothyme stoornis,Aandoening
Cystic Fibrosis,Aandoening
Cystitis,Aandoening
Cystoscopie,Behandeling
DEXA onderzoek,Hulpmiddel
DNA-onderzoek,Behandeling
DVI vaatonderzoek,Behandeling
Dagbehandeling,Behandeling
Dagbehandeling Huntington,Behandeling
Dagbehandeling kwetsbare patiëntgroepen,Behandeling
Dagbehandeling lichamelijk gehandicapten (LG),Behandeling
Dagbehandeling niet aangeboren hersenletsel (NAH),Behandeling
Dagbehandeling voor sterk gestoord gedrag (SGLVG),Behandeling
Dagopvang/ Verblijf Medische kindzorg,Behandeling
Daisy-apparatuur,Hulpmiddel
Daisy-software,Hulpmiddel
Daisy-spelers,Hulpmiddel
Darmonderzoek,Behandeling
Darmpoliepen,Aandoening
Darmresectie,Behandeling
Debulking operatie,Behandeling
Dekenboog voor kortdurend gebruik,Hulpmiddel
Dekenboog voor langdurend gebruik,Hulpmiddel
Delier,Aandoening
Delirium dementie,Aandoening
Dementie,Aandoening
Dementie - Geriatrie,Aandoening
Dementie - Neurologie,Aandoening
Depersonalisatie,Aandoening
Depressie,Aandoening
Dermatologie,Specialisme
Dermatoloog,Zorgverlener
Dexametrie,Behandeling
Diabetes,Aandoening
Diabetes bij kinderen,Aandoening
Diabetes testmateriaal,Hulpmiddel
Diabetesmateriaal,Hulpmiddel
Diabetestestmateriaal,Hulpmiddel
Diabetische retinopathie,Aandoening
Diabetische voet,Aandoening
Dialyse,Behandeling
Dialysecentrum,Instelling
Dieetadvies,Behandeling
Dieetpreparaten (drink),Hulpmiddel
Dieetpreparaten (drinkvoeding),Hulpmiddel
Dieetpreparaten (sondevoeding),Hulpmiddel
Dijbeenlift,Behandeling
Dijbreuk,Aandoening
Dikkedarm ontsteking,Aandoening
Dikkedarmkanker - Oncologie,Aandoening
Dikkedarmkanker België,Aandoening
Dissociatie,Aandoening
Dissociatieve stoornissen,Aandoening
Diëtetiek,Specialisme
Diëtetiek bij de ziekte van Parkinson,Specialisme
Diëtist,Zorgverlener
Doofheid en gehoorverlies,Aandoening
Doppleronderzoek,Behandeling
Dotteren,Behandeling
Douchestoel,Hulpmiddel
Draagurinaals,Hulpmiddel
Draailakens voor kortdurend gebruik,Hulpmiddel
Draailakens voor wentelsysteem voor langdurend gebruik,Hulpmiddel
Draaischijf in bed voor langdurend gebruik,Hulpmiddel
Draaischijf voor kortdurend gebruik,Hulpmiddel
Drempelhulp,Hulpmiddel
Drinkhulp,Hulpmiddel
Drinkvoeding,Hulpmiddel
Droge ogen,Aandoening
Drugs-verslaving,Aandoening
Druiper,Aandoening
Drukvesten,Hulpmiddel
Duizeligheid,Aandoening
Duizeligheidscentrum,Instelling
Dunne darm transplantatie,Behandeling
Duplex-onderzoek,Behandeling
Dwangstoornissen,Aandoening
Dyspneu,Aandoening
Dysport/ Botox,Behandeling
Dysthemie,Aandoening
Dystonie,Aandoening
EBV,Aandoening
Ebstein Barr Virus,Aandoening
Echo (eerstelijns diagnostiek),Behandeling
Echografie,Behandeling
Eerstelijnsverblijf (ELV) bij palliatief terminale zorg,Behandeling
Eerstelijnsverblijf hoog complex,Behandeling
Eerstelijnsverblijf laag complex,Behandeling
Eerstelijnsverblijf palliatief terminale zorg,Behandeling
Eerstelijnszorg bij specifieke chronische aandoeningen ouderen,Behandeling
Eerstelijnszorg bij specifieke chronische aandoeningen verstandelijk gehandicapten,Behandeling
Eetapparaat,Hulpmiddel
Eetbuien,Aandoening
Eetstoornissen,Aandoening
Eierstokkanker,Aandoening
Eierstokken verwijderen,Behandeling
Elastische kousen,Hulpmiddel
Elektrocardiogram (ECG),Behandeling
Elektronische handloep,Hulpmiddel
Elleboogorthese,Hulpmiddel
Embolie,Aandoening
Endeldarmkanker - MDL,Aandoening
Endeldarmkanker - Oncologie,Aandoening
Endeldarmkanker België,Aandoening
Endocrinologie,Specialisme
Endometriose,Aandoening
Endometrium kanker,Aandoening
Endometriumcarcinoom,Aandoening
Endoscopische herniaoperatie - Neurochirurgie,Behandeling
Endoscopische herniaoperatie - Orthopedie,Behandeling
Enkelorthese,Hulpmiddel
Enkelprothese,Hulpmiddel
Epilepsie,Aandoening
Epilepsiecentrum,Instelling
Epithese,Hulpmiddel
Erectieproblemen,Aandoening
Erfelijkheidsadvisering,Behandeling
Erfelijkheidsonderzoek,Behandeling
Erfelijkheidsonderzoek vóór de geboorte,Behandeling
Ergotherapie,Specialisme
Ergotherapie bij de ziekte van Parkinson,Specialisme
Erysipelas,Aandoening
Etalagebenen,Aandoening
Etalagebenen dotterbehandelingen,Behandeling
Evenwichtsstoornissen,Aandoening
Excoriatiestoornis,Aandoening
Extramurale behandeling,Behandeling
FM-apparatuur,Hulpmiddel
Facelift,Behandeling
Facialisparese,Aandoening
Farmacie,Specialisme
Farmacie (online),Specialisme
Fibromyalgie,Aandoening
Fijnvlekkige longafwijkingen,Aandoening
Fistel,Aandoening
Fistelzakken,Hulpmiddel
Flaporen correctie - KNO,Behandeling
Flaporen correctie - Plastische chirurgie,Behandeling
Flash Glucose Meter,Hulpmiddel
Flash Glucose Monitoring,Hulpmiddel
Fluorescentie-angiografie,Behandeling
Focuskliniek,Instelling
Fuch's endotheeldystrofie,Aandoening
Functieonderzoek (eerstelijns diagnostiek),Behandeling
Fysiotherapeut,Zorgverlener
Fysiotherapie,Specialisme
Fysiotherapie bij (lymf)oedeem,Specialisme
Fysiotherapie bij COPD,Specialisme
Fysiotherapie bij bekkenklachten,Specialisme
Fysiotherapie bij de ziekte van Parkinson,Specialisme
Fysiotherapie bij etalagebenen,Specialisme
GGZ,Instelling
GGZ (online),Instelling
GGZ instelling,Instelling
GLI kinderen,Behandeling
Galblaasoperatie,Behandeling
Galblaasverwijdering,Behandeling
Galstenen,Aandoening
Galwegkanker (van de alvleesklier),Aandoening
Galwegkanker (van de lever),Aandoening
Galwegresectie (van de alvleesklier),Behandeling
Galwegresectie (van de lever),Behandeling
Gameverslaving,Aandoening
Ganglion aan de pols,Aandoening
Gangreen,Aandoening
Gastric bypass,Behandeling
Gastritis,Aandoening
Gastroenterologie,Specialisme
Gastroscopie,Behandeling
Gastroënteroloog,Zorgverlener
Geboortecentrum - bevallen,Instelling
Geboortecentrum - bevalling,Instelling
Gecombineerde Leefstijl Interventie (GLI),Behandeling
Gecombineerde Leefstijl Interventie Kinderen,Behandeling
Geconfectioneerd maatwerk,Hulpmiddel
Gedeeltelijke gebitsprothese,Hulpmiddel
Gedragsverslaving,Aandoening
Geelzucht,Aandoening
Geestelijke gezondheidszorg,Behandeling
Geestelijke gezondheidszorg (online),Behandeling
Geheugenproblemen - Geriatrie,Aandoening
Geheugenproblemen - Neurologie,Aandoening
Gehoorapparaat,Hulpmiddel
Gehoorgangontsteking,Aandoening
Gehoorproblemen,Aandoening
Gelaatsprothese,Hulpmiddel
Geleidehond,Hulpmiddel
Genderzorg (GGZ),Behandeling
Geneeskunde van de huid,Specialisme
Geneeskunde van de nieren, de urineleiders en de urinewegen,Specialisme
Geneeskunde van het bewegingsapparaat (botten en gewrichten),Specialisme
Geneeskunde van het hart,Specialisme
Geneeskunde van vrouwen,Specialisme
Geneeskundige zorg voor specifieke patientgroepen,Behandeling
Geneesmiddelen,Behandeling
Geneesmiddelen (online),Behandeling
Genitale wratten,Aandoening
Geriatrie,Specialisme
Geriatrie fysiotherapie,Specialisme
Geriatrische Revalidatie Zorg,Behandeling
Geriatrische Revalidatie Zorg (GRZ), overig,Behandeling
Geriatrische revalidatiezorg (GRZ) na CVA,Behandeling
Geriatrische revalidatiezorg (GRZ) na amputatie,Behandeling
Geriatrische revalidatiezorg (GRZ) na electieve orthopedie,Behandeling
Geriatrische revalidatiezorg (GRZ) na trauma,Behandeling
Gescheurd trommelvlies,Aandoening
Gespecialiseerde verpleging,Behandeling
Gestalttherapie,Specialisme
Gewichtsconsulent,Zorgverlener
Gewrichtsslijtage,Aandoening
Gezichtsbehandelingen (Acne),Behandeling
Gezichtsbehandelingen (Camouflage),Behandeling
Gezichtsbehandelingen (Ontharing door middel van elektrische epilatie),Behandeling
Gezichtsbehandelingen (Ontharing door middel van laser),Behandeling
Gezichtscorrectie,Behandeling
Gezichtsprothese,Hulpmiddel
Gezichtsveldonderzoek,Behandeling
Geïnfecteerde heupprothese,Aandoening
Geïnfecteerde knieprothese,Aandoening
Gipssteun,Hulpmiddel
Glijlakens voor kortdurend gebruik,Hulpmiddel
Glijlakens voor langdurend gebruik,Hulpmiddel
Glutenovergevoeligheid,Aandoening
Gonorroe,Aandoening
Groeistoornissen bij kinderen,Aandoening
Groepsbehandeling Integrale Zorg Stotteren (IZS),Behandeling
Gynaecologie,Specialisme
Gynaecologische oncologie,Specialisme
Gynaecoloog,Zorgverlener
Gynecomastie,Aandoening
HIV,Aandoening
HME-filter cassettes (b.v. Provox/Laryvox),Hulpmiddel
HNP - Neurologie,Aandoening
Haarnestcyste laserbehandeling,Behandeling
Haarstuk,Hulpmiddel
Haaruittrekstoornis,Aandoening
Haarwerken,Hulpmiddel
Hallux valgus,Aandoening
Halskraag,Hulpmiddel
Halslift,Behandeling
Halve knieprothese operatie,Behandeling
Handchirurgie,Specialisme
Handeczeem,Aandoening
Handprothese,Hulpmiddel
Hanen-ouderprogramma,Behandeling
Haperende vinger (Heelkunde),Aandoening
Haptonomie,Specialisme
Hardnekkige depressie,Aandoening
Hart ablatie,Behandeling
Hart- en vaatkunde,Specialisme
Hart-Long transplantatie,Behandeling
Hartaanval,Aandoening
Hartafwijkingen,Aandoening
Hartcentrum,Instelling
Hartdiagnostiek voor kinderen,Aandoening
Hartfalen,Aandoening
Hartgeruis,Aandoening
Hartinfarct,Aandoening
Hartkatheterisatie - Cardiologie,Behandeling
Hartklepafwijking,Aandoening
Hartklepinterventie,Behandeling
Hartkramp,Aandoening
Hartkunde,Specialisme
Hartrevalidatie - Revalidatiegeneeskunde,Behandeling
Hartritmestoornissen,Aandoening
Hartspecialisme,Specialisme
Hartspecialist,Specialisme
Harttransplantatie,Behandeling
Heelkunde,Specialisme
Hematurie,Aandoening
Hemi-knieprothese operatie,Behandeling
Hepatectomie,Behandeling
Hepatitis,Aandoening
Hernia Diafragmentica,Aandoening
Hernia nuclei pulposi - Neurologie,Aandoening
Hernia van de tussenwervelschijf - Neurologie,Aandoening
Heroïne verslaving,Aandoening
Herpes genitalis,Aandoening
Herpes simplex aan het oog,Aandoening
Hersen-, ruggenmergs- en zenuwaandoeningen,Aandoening
Hersenbloeding,Aandoening
Herseninfarct,Aandoening
Hersentumor,Aandoening
Hersteloperatie na sterilisatie man,Behandeling
Hersteloperatie na sterilisatie vrouw,Behandeling
Herstelzorg (Eerstelijnsverblijf),Behandeling
Heupartrose,Aandoening
Heupbreuk,Aandoening
Heupfractuur,Aandoening
Heupjicht,Aandoening
Heupoperatie bij slijtage,Behandeling
Heuporthese,Hulpmiddel
Heupprothese,Hulpmiddel
Heupslijtage,Aandoening
Hoge bloeddruk,Aandoening
Homeopathie,Specialisme
Hoofd/halsbandages,Hulpmiddel
Hoofdbedekking,Hulpmiddel
Hoofdpijn,Aandoening
Hoog complex eerstelijnsverblijf (ELV), kortdurend verblijf,Behandeling
Hooikoorts,Aandoening
Hoornvliesafwijking,Aandoening
Hoornvliesbeschadiging,Aandoening
Hoornvliestransplantatie,Behandeling
Hoorstukjes,Hulpmiddel
Hoortoestel,Hulpmiddel
Hoortoestellen,Hulpmiddel
Hormonale tekorten,Aandoening
Hospice (Eerstelijnsverblijf),Behandeling
Huidgeneeskunde,Specialisme
Huidinfecties,Aandoening
Huidkanker,Aandoening
Huidkanker - Dermatologie,Aandoening
Huidpulkstoornis,Aandoening
Huidspecialisme,Specialisme
Huidspecialist,Specialisme
Huidtherapie,Specialisme
Huidtherapie bij (lymf)oedeem,Specialisme
Huidtransplantatie,Behandeling
Huidziekten,Aandoening
Huidziektenleer,Specialisme
Huisarts,Zorgverlener
Huisarts (online),Zorgverlener
Huisartsenlaboratorium,Instelling
Huisartsenpost,Instelling
Hulphond,Hulpmiddel
Hulpmiddelen voor toediening voeding (sonde, button, peg-catheter),Hulpmiddel
Hulpmiddelen voor toediening voeding (voedingspomp),Hulpmiddel
Hyperbare Geneeskunde,Specialisme
Hyperbare zuurstoftherapie,Behandeling
Hypercholeserolemie,Aandoening
Hypermetropie,Aandoening
Hypertensie,Aandoening
Hyperthyreoidie,Aandoening
Hypertoon zout (b.v. Hyaneb, Mucoclear, Nebusal),Hulpmiddel
Hypnotherapie,Specialisme
Hypotensie,Aandoening
Hypothyreoidie,Aandoening
ICD Plaatsing,Behandeling
Icterus,Aandoening
Ileus,Aandoening
Implantaten in tandeloze kaak,Hulpmiddel
Implantaten tbv volledig klikgebit,Hulpmiddel
Implantaten tbv volledige overkappingsprothese,Hulpmiddel
Impotentie,Aandoening
Impulsbeheersingsstoornis,Aandoening
In-vitro Fertilisatie (IVF),Behandeling
Incontinentie bij vrouw,Aandoening
Incontinentie voor ontlasting,Aandoening
Incontinentiemateriaal,Hulpmiddel
Infectieprothesiologie,Specialisme
Infrarood apparatuur,Hulpmiddel
Infuuspompen,Hulpmiddel
Infuusstandaard voor kortdurend gebruik,Hulpmiddel
Ingegroeide teennagel,Aandoening
Injectiemateriaal diabetes,Hulpmiddel
Injectiepennen,Hulpmiddel
Injectiepennen met toebehoren,Hulpmiddel
Injectiepennen met toebehoren  (anders dan injectiematerialen voor infuus-, diabetes- en voedingszorg,Hulpmiddel
Injectiespuiten,Hulpmiddel
Injectiespuiten met toebehoren,Hulpmiddel
Injectiespuiten met toebehoren  (anders dan injectiematerialen voor infuus-, diabetes- en voedingszorg,Hulpmiddel
Inlegger,Hulpmiddel
Instelling voor jeugdtandverzorging,Instelling
Insulinepomp diabetes,Hulpmiddel
Insulinepomp met pods,Hulpmiddel
Integrale therapie,Specialisme
Integratieve kindertherapie,Specialisme
Integratieve psychotherapie,Specialisme
Interne Geneeskunde,Specialisme
Internist,Zorgverlener
Intraveneuze chemotherapie,Behandeling
Inwendige geneeskunde,Specialisme
Inwendige organen,Aandoening
Inwendigspecialisme,Specialisme
Ischias,Aandoening
JTV,Aandoening
Jicht,Aandoening
Jongerenprogramma ‘Op eigen Benen’,Aandoening
KD2O Online (GLI),Behandeling
KNO,Specialisme
KNO arts,Zorgverlener
Kaakchirurg,Zorgverlener
Kaakcorrectie,Behandeling
Kaakgewrichtsklachten,Aandoening
Kanker,Aandoening
Kanker van de weke delen,Aandoening
Kankergeneeskunde,Specialisme
Kappenbrillen,Hulpmiddel
Katheters bij continentstoma,Hulpmiddel
Katheters bij incontinentie,Hulpmiddel
Keel, Neus en Oren,Specialisme
Keel- en neusamandelen,Aandoening
Keel-, Neus- en Oorspecialisme,Specialisme
Keel-, neus- en oorheelkunde,Specialisme
Keelamandelen verwijderen,Behandeling
Keizersnede,Behandeling
Keratoconus,Aandoening
Ketenaanpak Kinderen,Behandeling
Ketenaanpak zorg en ondersteuning voor kinderen met overgewicht en obesitas,Behandeling
Ketenzorg - Astma,Behandeling
Ketenzorg - COPD,Behandeling
Ketenzorg - Cardiovasculair Risico Management / CVR,Behandeling
Ketenzorg - Diabetes Mellitus type 2,Behandeling
Kijkonderzoek dikke darm,Behandeling
Kijkonderzoek maag,Behandeling
Kijkoperatie knie,Behandeling
Kinderarts,Zorgverlener
Kinderfysiotherapie,Specialisme
Kindergeneeskunde,Specialisme
Kinderhartcentrum,Instelling
Kinderleefstijlcoach (KLSC),Zorgverlener
Kinderoefentherapie,Specialisme
Kinderspecialisme,Specialisme
Kindzorg,Behandeling
Kinesiologie,Specialisme
Klachten door terugstromend maagzuur,Aandoening
Klachten veroorzaakt door terugstroom van maaginhoud in slokdarm,Aandoening
Klaplong,Aandoening
Klassieke rughernia operatie - Neurochirurgie,Behandeling
Klassieke rughernia operatie - Orthopedie,Behandeling
Kleptomanie,Aandoening
Klierkoorts,Aandoening
Klinisch (neuro)psycholoog,Zorgverlener
Klinisch genetisch centrum,Instelling
Klinische genetica,Specialisme
Knieartrose,Aandoening
Kniebrace,Hulpmiddel
Knieoperatie bij slijtage,Behandeling
Knieprothese,Hulpmiddel
Knieslijtage,Aandoening
Knobbeltje in de borst,Aandoening
Koemelkeiwitallergie,Aandoening
Korsetten,Hulpmiddel
Korsetten confectie,Hulpmiddel
Korsetten maat,Hulpmiddel
Koudvuur,Aandoening
Kousen,Hulpmiddel
Kousen aan/uittrekker,Hulpmiddel
Kraamzorg,Behandeling
Kwaadaardige tumoren,Aandoening
Laag complex eerstelijnsverblijf (ELV), kortdurend verblijf,Behandeling
Laboratoriumonderzoek (eerstelijns diagnostiek),Behandeling
Lachgas m.b.t. mondzorg in bijzondere gevallen (roesje),Behandeling
Lactatiedeskundige,Zorgverlener
Lactatiekundige,Zorgverlener
Lage bloeddruk,Aandoening
Lage rug stenose - Neurochirurgie,Aandoening
Lage rug stenose - Orthopedie,Aandoening
Lancet,Hulpmiddel
Lancethouder,Hulpmiddel
Langzaamwerkende schildklier,Aandoening
Langzaamwerkende schildklier (Hypothyreoïdie),Aandoening
Larynxcarcinoom,Aandoening
Laserbehandeling van de huid,Behandeling
Leefstijlcoaching,Behandeling
Leefstijlinterventie,Behandeling
Leer van de huid en huidziekten,Specialisme
Leer van de nier- en blaasziekten,Specialisme
Leer van huidziekten,Specialisme
Leer van vrouwenziekten,Specialisme
Leukemie,Aandoening
Levercirrose,Aandoening
Leverkanker - Oncologie,Aandoening
Leverontsteking,Aandoening
Leverresectie,Behandeling
Levertransplantatie,Behandeling
Leverziekten,Aandoening
Lichaamsgeoriënteerde / lichaamsgerichte psychotherapie,Specialisme
Licht traumatisch hoofdletsel,Aandoening
Lichttherapie,Behandeling
Liesbreuk,Aandoening
Lifestylecoach,Zorgverlener
Liggend vervoer (taxivervoer),Behandeling
Ligorthese/ ligschaal,Hulpmiddel
Lipo-filling,Behandeling
Liposuctie,Behandeling
Littekenbreuk,Aandoening
Littekencorrectie,Behandeling
Loepenbril,Hulpmiddel
Logopedie,Specialisme
Logopedie bij de ziekte van Parkinson,Specialisme
Logopedie voor behandeling van afasie,Specialisme
Logopedie voor behandeling van stotteren,Specialisme
Longarts,Zorgverlener
Longcarcinoom - Oncologie,Aandoening
Longembolie - Cardiologie,Aandoening
Longemfyseem,Aandoening
Longen,Aandoening
Longfunctieonderzoek,Behandeling
Longgeneeskunde,Specialisme
Longkanker - Oncologie,Aandoening
Longkanker België,Aandoening
Longontsteking,Aandoening
Longoperatie (Heelkunde),Behandeling
Longoperatie (thoraxchirurgie),Behandeling
Longresectie België,Behandeling
Longrevalidatie - Revalidatiegeneeskunde,Behandeling
Longspecialisme,Specialisme
Longtransplantatie,Behandeling
Longtumor,Aandoening
Loopfiets,Hulpmiddel
Loophulpmiddelen,Hulpmiddel
Loophulpmiddelen voor kinderen,Hulpmiddel
Loophulpmiddelen voor slechtzienden,Hulpmiddel
Loopwagen,Hulpmiddel
Loopwagen voor kinderen,Hulpmiddel
Luchtring,Hulpmiddel
Lui oog,Aandoening
Luiers,Hulpmiddel
Lumbale kanaalstenose - Orthopedie,Aandoening
Lumbale stenose - Neurochirurgie,Aandoening
Lumbale stenose - Orthopedie,Aandoening
Lumbosacrale discotemie - Neurochirurgie,Behandeling
Lumbosacrale discotomie - Orthopedie,Behandeling
Lymfeklierkanker,Aandoening
MCD,Aandoening
MDL arts,Zorgverlener
ME,Aandoening
MRA beugel,Hulpmiddel
MRI-onderzoek,Behandeling
MS,Aandoening
Maag, darm en leverziekten,Aandoening
Maagband,Behandeling
Maagbloeding,Aandoening
Maagkanker - Oncologie,Aandoening
Maagkanker België,Aandoening
Maagperforatie,Aandoening
Maagresectie,Behandeling
Maagresectie België,Behandeling
Maagtumor,Aandoening
Maagverkleining,Behandeling
Maagwandontsteking,Aandoening
Maagzweer,Aandoening
Maatwerk borstprothese,Hulpmiddel
Macula degeneratie,Aandoening
Malaria,Aandoening
Mammacarcinoom,Aandoening
Mammaprothese,Hulpmiddel
Mammillaprothese,Hulpmiddel
Mammografie,Behandeling
Manie,Aandoening
Manische depressief,Aandoening
Mantelzorgmakelaar,Zorgverlener
Manuele therapie,Specialisme
Maskeerder,Hulpmiddel
Medicatie,Behandeling
Medicatie (online),Behandeling
Medicijnen,Behandeling
Medicijnen (online),Behandeling
Medische kindzorg (MKZ),Behandeling
Medische kindzorg thuis,Behandeling
Memorecorders,Hulpmiddel
Meniscusbeschadiging,Aandoening
Menopauze,Aandoening
Menstruatieklachten,Aandoening
Mesothelioom,Aandoening
Microvasculaire dysfunctie,Aandoening
Middelgerelateerde verslaving,Aandoening
Middenoorontsteking,Aandoening
Middenrifbreuk operatie,Behandeling
Migraine,Aandoening
Mini-PEP,Hulpmiddel
Mobiele beeldschermloep,Hulpmiddel
Mobiele beeldschermloep met voorleesapparatuur,Hulpmiddel
Mobiele concentrator,Hulpmiddel
Mobiele vernevelaar,Hulpmiddel
Mobiele zuurstofapparatuur,Hulpmiddel
Moedervlek controle,Behandeling
Mohs chirurgie,Behandeling
Mond/keelholte kanker,Aandoening
Mondhygiënist,Zorgverlener
Mondziekten, kaak- en aangezichtschirurgie (MKA),Aandoening
Mondzorgbehandeling t.b.v. angst vanuit bijzondere tandheelkunde met algehele anesthesie (narcose),Behandeling
Mondzorgbehandeling t.b.v. angst vanuit bijzondere tandheelkunde met lachgas (roesje),Behandeling
Mononucleosis Infectiosa,Aandoening
Morbide obesitas,Aandoening
Morfinepomp,Hulpmiddel
Morfodysfore stoornis,Aandoening
Multidisciplinaire zorg - Astma,Behandeling
Multidisciplinaire zorg - COPD,Behandeling
Multidisciplinaire zorg - Cardiovasculair Risico Management / CVR,Behandeling
Multidisciplinaire zorg - Diabetes Mellitus type 2,Behandeling
Multipel myeloom,Aandoening
Multiple Sclerose,Aandoening
Musculoskeletale geneeskunde,Specialisme
Myocardinfarct,Aandoening
Myoom,Aandoening
Myopie,Aandoening
Narcistisch,Aandoening
Narcoseleer,Specialisme
Natuurgeneeskunde,Specialisme
Navelbreuk,Aandoening
Neerplastiek,Behandeling
Nekhernia (niet operatief) - Neurologie,Aandoening
Nekhernia operatie - Neurochirurgie,Behandeling
Nekhernia operatie - Orthopedie,Behandeling
Nekklachten,Aandoening
Neonatale intensive care,Behandeling
Neonatologie,Specialisme
Netvliesafwijking,Aandoening
Netvliesloslating,Aandoening
Neuro Endocriene Tumoren ( NET),Aandoening
Neurochirurg,Zorgverlener
Neurochirurgie,Specialisme
Neurologie,Specialisme
Neuroloog,Zorgverlener
Neuromodulatie (Anesthesie),Behandeling
Neusamandelen verwijderen,Behandeling
Neuscorrectie - KNO,Behandeling
Neuscorrectie - Plastische chirurgie,Behandeling
Neuspoliepen,Aandoening
Neusprothese,Hulpmiddel
Neustussenschot correctie,Behandeling
Nierbekkenontsteking,Aandoening
Nierkanker,Aandoening
Nierkanker België,Aandoening
Nierkunde,Aandoening
Nierspoelen,Behandeling
Niersteen,Aandoening
Niertransplantatie,Behandeling
Niertumor,Aandoening
Nierziekten,Aandoening
Niet aangeboren hersenletsel,Aandoening
Niet- eenvoudige loophulpmiddelen,Hulpmiddel
Nieuw volledig klikgebit (op bestaande implantaten),Hulpmiddel
Nieuw volledig overkappingsprothese (op bestaande implantaten),Hulpmiddel
Nieuwe knie,Behandeling
Non-Hodgkin,Aandoening
OCD,Aandoening
OPEP-systeem (Aerobika),Hulpmiddel
OSAS - Longgeneeskunde,Aandoening
OSAS - Neurologie,Aandoening
OSAS-apparatuur,Hulpmiddel
Obesitas,Aandoening
Obsesieve compulsieve stoornissen,Aandoening
Obstetrie,Specialisme
Obstipatie,Aandoening
Oedeem,Aandoening
Oefentherapie,Specialisme
Oefentherapie Cesar/Mensendieck,Specialisme
Oefentherapie bij axiale spondyloartritis met ernstige functionele beperkingen,Specialisme
Oefentherapie bij de ziekte van Parkinson,Specialisme
Oefentherapie bij reumatoïde artritis met ernstige functionele beperkingen,Specialisme
Oesofaguscarcinoom,Aandoening
Oesophagus kanker,Aandoening
Oesophagus tumor,Aandoening
Oftalmologie,Specialisme
Omgevingsbesturing,Behandeling
Oncologie,Specialisme
Oncoloog,Zorgverlener
Onderleggers,Hulpmiddel
Ondersteek,Hulpmiddel
Onderzoek voor geboorte,Aandoening
Ontsteking aan de darmen,Aandoening
Ontsteking van de dikke darm,Aandoening
Ontsteking van een bijholte van de neusholte,Aandoening
Ontsteking van meerdere gewrichten,Aandoening
Ontwikkelingsstoornissen,Aandoening
Oogarts,Zorgverlener
Oogheelkunde,Specialisme
Ooglaseren,Behandeling
Ooglidcorrectie - Oogheelkunde (Basisverzekering),Behandeling
Ooglidcorrectie - Plastische Chirurgie (Basisverzekering),Behandeling
Ooglidontsteking,Aandoening
Oogoperatie,Behandeling
Oogpleister,Hulpmiddel
Oogprothese,Hulpmiddel
Oorinfectie,Aandoening
Oorontsteking,Aandoening
Oorprothese,Hulpmiddel
Oorstukje,Hulpmiddel
Oorsuizen,Aandoening
Open been,Aandoening
Open hart operatie,Behandeling
Operatie bij dikke darm kanker,Behandeling
Operatie bij een hersentumor België,Behandeling
Operatie bij endeldarmkanker,Behandeling
Operatie bij hersentumor,Behandeling
Operatie bij hoofd-hals oncologie – KNO,Behandeling
Operatie bij hoofd-hals oncologie – MKA,Behandeling
Operatie bij kanker van de weke delen,Behandeling
Operatie bij nierkanker,Behandeling
Operatie bij oogkanker,Behandeling
Operatie bij uitzaaiing in het buikvlies (HIPEC),Behandeling
Operatie bij vulvakanker,Behandeling
Operatie bij zaadbalkanker,Behandeling
Operatieve behandeling of endovasculaire behandeling intracraniële vaatafwijking,Behandeling
Operatieve behandeling van carotispathologie met betrekking tot autonoom zenuwstelsel,Behandeling
Operatieve geneeskunde,Specialisme
Operatieve ingrepen bij stressincontinentie - Gynaecologie,Behandeling
Operatieve ingrepen bij stressincontinentie - Urologie,Behandeling
Optische hulpmiddelen,Hulpmiddel
Opvangzakken,Hulpmiddel
Orthese,Hulpmiddel
Orthodontie,Specialisme
Orthodontist,Zorgverlener
Orthomanuele geneeskunde,Specialisme
Orthopedie,Specialisme
Orthopedische beugelapparatuur,Hulpmiddel
Orthopedische binnenschoen,Hulpmiddel
Orthopedische en semi orthop. schoenen,Hulpmiddel
Orthopedische en semi orthopedische schoenen,Hulpmiddel
Orthopedische voorzieningen voor confectieschoenen,Hulpmiddel
Osteopathie,Specialisme
Osteoporose,Aandoening
Osteoporose - Interne Geneeskunde,Aandoening
Otitis,Aandoening
Otitis media,Aandoening
Ovarium carcinoom,Aandoening
Ovariumkanker,Aandoening
Overgangsconsulent,Zorgverlener
Overige compressiehulpmiddelen,Hulpmiddel
Overmatige transpiratie,Aandoening
Overschuifplanken,Hulpmiddel
PB orthese,Hulpmiddel
PEP-apparatuur,Hulpmiddel
PEP-masker,Hulpmiddel
PGB indicatiestelling,Behandeling
PGB indicatiestelling voor kinderen,Behandeling
PMR,Aandoening
PPD,Aandoening
PTED-operatie - Neurochirurgie,Behandeling
PTED-operatie - Orthopedie,Behandeling
PTZ,Behandeling
Pacemaker,Hulpmiddel
Pads,Hulpmiddel
Palliatief terminale zorg,Behandeling
Palliatieve zorg,Behandeling
Pancreas transplantatie,Behandeling
Pancreascarcinoom - Oncologie,Aandoening
Pancreaskanker - Oncologie,Aandoening
Pancreasresectie,Behandeling
Paniekstoornis,Aandoening
Parafiele stoornissen,Aandoening
Patchpomp,Hulpmiddel
Patiëntenlift,Hulpmiddel
Pediatrie,Specialisme
Peniscarcinoom,Aandoening
Peniskanker,Aandoening
Percutane Transforaminale Endoscopische Discectomie,Behandeling
Percutane Transforaminale Endoscopische Discectomie - Orthopedie,Behandeling
Perslucht,Aandoening
Personenalarmering,Hulpmiddel
Personenalarmeringsapparatuur,Hulpmiddel
Persoonlijke alarmeringssystemen,Hulpmiddel
Persoonlijke verzorging en verpleging,Behandeling
Persoonlijkheidsstoornissen,Aandoening
Pica,Aandoening
Pigmentvlekken,Aandoening
Pijnbestrijding,Behandeling
Pijnbestrijding / Anesthesiologie,Behandeling
Pijnbestrijding, narcose en verdoving,Behandeling
Plascondoom - condoomkatheters,Hulpmiddel
Plasproblemen,Aandoening
Plastisch chirurg,Zorgverlener
Plastische chirurgie,Specialisme
Pneumonie,Aandoening
Pneumothorax,Aandoening
Podotherapie,Specialisme
Podotherapie bij diabetes mellitus,Specialisme
Podotherapie bij voetulcera,Specialisme
Pols/handorthese,Hulpmiddel
Polymyalgia rheumatica,Aandoening
Polyurie,Aandoening
Positietrainer,Hulpmiddel
Post-Covid Expertisecentrum,Instelling
Posttraumatische Dystrofie,Aandoening
Prenataal erfelijkheidsonderzoek,Behandeling
Prenataal onderzoek,Behandeling
Prenatale diagnostiek,Behandeling
Preventieve voetzorg,Behandeling
Preverbale logopedie,Behandeling
Prikkelbare darm syndroom,Aandoening
Prikkeling zenuwwortel onderrug,Aandoening
Prikpen,Hulpmiddel
Privékliniek,Instelling
Programma Beweegkuur (GLI),Behandeling
Programma Beweegkuur Gecombineerde Leeftsijl Interventie (GLI),Behandeling
Programma Beweegkuur Leefstijlcoach,Behandeling
Programma Beweegkuur Leefstijlinterventie,Behandeling
Programma CooL (GLI),Behandeling
Programma Cool - Miguide Gecombineerde Leefstijl Interventie (GLI),Behandeling
Programma Cool - Miguide Leefstijlcoach,Behandeling
Programma Cool - Miguide Leefstijlinterventie,Behandeling
Programma Cool Gecombineerde Leefstijl Interventie (GLI),Behandeling
Programma Cool Leefstijlcoach,Behandeling
Programma Cool Leefstijlinterventie,Behandeling
Programma CoolMiGuide Gecombineerde Leefstijl Interventie (GLI),Behandeling
Programma In Balans,Behandeling
Programma KD2O online Gecombineerde Leefstijl Interventie (GLI),Behandeling
Programma KD2O plus Gecombineerde Leefstijl Interventie (GLI),Behandeling
Programma Keer diabetes 2 om Gecombineerde Leefstijf Interventie (GLI),Behandeling
Programma Keer diabetes 2 om Leefstijlcoach,Behandeling
Programma Keer diabetes 2 om Leefstijlinterventie,Behandeling
Programma Keer diabetes 2 om Online,Behandeling
Programma Keer diabetes 2 om Plus,Behandeling
Programma Otago,Behandeling
Programma SSIB (GLI),Behandeling
Programma SSIB Gecombineerde Leefstijl Interventie (GLI),Behandeling
Programma SSIB Leefstijlcoach,Behandeling
Programma Slimmer (GLI),Behandeling
Programma Slimmer Gecombineerde Leefstijf Interventie (GLI),Behandeling
Programma Slimmer Leefstijlcoach,Behandeling
Programma Slimmer Leefstijlinterventie,Behandeling
Programma Slimmer Online Gecombineerde Leefstijl Interventie (GLI),Behandeling
Programma Slimmer Online Leefstijlcoach,Behandeling
Programma Slimmer Powered by Ancora Gecombineerde Leefstijf Interventie (GLI),Behandeling
Programma Slimmer Powered by Ancora Leefstijlcoach,Behandeling
Programma Slimmer Powered by Ancora Leefstijlinterventie,Behandeling
Prostaat tumor,Aandoening
Prostaatkanker,Aandoening
Prostaatkanker België,Aandoening
Prostaatklachten,Aandoening
Prostatectomie,Behandeling
Protonencentrum,Instelling
Pruiken,Hulpmiddel
Psoriasis,Aandoening
Psychiater,Zorgverlener
Psychologische motorische kindertherapie (PMKT),Behandeling
Psychologische therapie,Specialisme
Psycholoog,Zorgverlener
Psychomotorische therapie (PMT),Specialisme
Psychoses en wanen,Aandoening
Psychosociale therapie,Specialisme
Psychosomatische fysiotherapie,Specialisme
Psychosomatische oefentherapie,Specialisme
Psychosomatische stoornissen,Aandoening
Psychotherapeut,Zorgverlener
Psychotherapie,Specialisme
Ptosisbrillen,Hulpmiddel
Puistjes,Aandoening
Pulmonologie,Specialisme
Pyelonefritis,Aandoening
Radiologie,Specialisme
Radioloog,Zorgverlener
Radiotherapeut,Zorgverlener
Radiotherapeutisch centra,Instelling
Radiotherapeutisch centrum,Instelling
Radiotherapie,Specialisme
Real-time glucose monitoring (volwassenen),Hulpmiddel
Real-time glucose monitoring kinderen,Hulpmiddel
Realtime Continue Glucose Monitoring,Hulpmiddel
Rectumcarcinoom,Aandoening
Reflexzonetherapie/Voetreflextherapie,Specialisme
Refractieve lensimplantatie,Behandeling
Regiefunctie complexe wondzorg,Behandeling
Relatietherapie,Specialisme
Retinitis pigmentosa,Aandoening
Reumatische aandoeningen,Aandoening
Reumatologie,Specialisme
Reumatoloog,Zorgverlener
Reumatoïde artritis,Aandoening
Revalidatie kinderen,Behandeling
Revalidatie volwassenen,Behandeling
Revalidatiearts,Zorgverlener
Revalidatiecentrum,Instelling
Revalidatiegeneeskunde,Specialisme
Rhinophyma,Aandoening
Ringleiding,Hulpmiddel
Robotmanipulator,Hulpmiddel
Rode wangen,Aandoening
Rollakens voor kortdurend gebruik,Hulpmiddel
Rollakens voor langdurend gebruik,Hulpmiddel
Rollators voor kinderen,Hulpmiddel
Rolstoel,Hulpmiddel
Rolstoelvervoer,Hulpmiddel
Rosacea,Aandoening
Ruggenmergstimulatie (Anesthesie),Behandeling
Rughernia (niet operatief) - Neurologie,Aandoening
Rugklachten - Anesthesiologie,Aandoening
Rugklachten - Neurologie,Aandoening
Rugklachten - Orthopedie,Aandoening
Rugpijn na een operatie,Aandoening
Ruminatiestoornis,Aandoening
Rustpijn,Aandoening
Rustpijn (vernauwing bloedvaten),Aandoening
Röntgenonderzoek (eerstelijns diagnostiek),Behandeling
SMR,Aandoening
SOLK,Aandoening
Sarcoom,Aandoening
Schaamlipkanker,Aandoening
Schaamlipverkleining,Behandeling
Schedelkap,Hulpmiddel
Schedelkap / valhelm,Hulpmiddel
Scheefstand grote teen,Aandoening
Scheelzien,Aandoening
Schildklierkanker,Aandoening
Schildklierresectie,Behandeling
Schildkliertumor,Aandoening
Schisis,Aandoening
Schisis - MKA,Aandoening
Schizoaffectieve stoornis,Aandoening
Schizofrenie,Aandoening
Schouderontsteking,Aandoening
Schouderoperatie,Behandeling
Schouderorthese,Hulpmiddel
Scleralens met visuscorrectie,Hulpmiddel
Scleralens zonder visuscorrectie,Hulpmiddel
Scleraschaal,Hulpmiddel
Screening coloncarcinoom,Behandeling
Screening darmkanker,Behandeling
Seksuele problemen bij de man,Aandoening
Seksuologie,Specialisme
Sepsis,Aandoening
Shiatsu,Specialisme
Siliconen prothese (hand, vinger, voet),Hulpmiddel
Sinusitis,Aandoening
Skin-Picking,Aandoening
Slaapapneu - KNO,Aandoening
Slaapapneu - Longgeneeskunde,Aandoening
Slaapapneu - Neurologie,Aandoening
Slaapcentra,Instelling
Slaappositietrainer,Hulpmiddel
Slechthorend,Aandoening
Slechtziend,Aandoening
Sleeve,Behandeling
Slijm ophoestapparatuur (Flutter/Shaker),Hulpmiddel
Slijm ophoestapparatuur (Flutter/Shaker/Pari-o-pep),Hulpmiddel
Slijmuitzuigapparatuur,Hulpmiddel
Sling,Hulpmiddel
Slokdarmcarcinoom,Aandoening
Slokdarmkanker,Aandoening
Slokdarmkanker België,Aandoening
Slokdarmverwijdering,Behandeling
Slokdarmverwijdering België,Behandeling
Snelwerkende schildklier,Aandoening
Snelwerkende schildklier (Hyperthyreoïdie),Aandoening
Soa-onderzoek,Behandeling
Sociale angststoornis,Aandoening
Soloapparatuur complex,Hulpmiddel
Soloapparatuur eenvoudig,Hulpmiddel
Somatische revalidatie (ALK),Behandeling
Somatische symptoomstoornissen,Aandoening
Somatoforme stoornis,Aandoening
Sondevoeding,Hulpmiddel
Spalken,Hulpmiddel
Spataderen (medische indicatie) - Dermatologie,Aandoening
Spataderen (medische indicatie) - Heelkunde,Aandoening
Speciale rollators,Hulpmiddel
Specialisme van de huidziekten,Specialisme
Specialistische kliniek,Instelling
Speltherapie,Specialisme
Spierreuma,Aandoening
Spiraal verwijderen,Behandeling
Spiraaltje plaatsen,Behandeling
Spoelapparatuur,Hulpmiddel
Spondylodese - Neurochirurgie,Behandeling
Spondylodese - Orthopedie,Behandeling
Sportarts,Zorgverlener
Sportblessures - Orthopedie,Aandoening
Sportblessures - Sportgeneeskunde,Aandoening
Sportgeneeskunde,Specialisme
Spraak-taalproblemen (gehandicaptenzorg),Aandoening
Spraakversterker,Hulpmiddel
Spraakvervangend hulpmiddel,Hulpmiddel
Spraakvervangende software,Hulpmiddel
Spreekventielen,Hulpmiddel
Sprekende bloedglucosetestmeter,Hulpmiddel
Sta-orthese,Hulpmiddel
Sta-tafel,Hulpmiddel
Staar,Aandoening
Stamboomonderzoek,Behandeling
Standaard mondzorg,Behandeling
Standsafwijking grote teen,Aandoening
Stembandpoliep,Aandoening
Stemprothesen,Hulpmiddel
Stemversterkers,Hulpmiddel
Sterilisatie man - Urologie,Behandeling
Sterilisatie vrouw - Gynaecologie,Behandeling
Steunkousen,Hulpmiddel
Steunzolen (podotherapeut),Hulpmiddel
Stoelen kinderen,Hulpmiddel
Stoma-artikelen,Hulpmiddel
Stoma-materialen,Hulpmiddel
Stomaplakken,Hulpmiddel
Stomazakken,Hulpmiddel
Stompkousen,Hulpmiddel
Stoornis hartslag,Aandoening
Stoppen met roken (SMR) - Begeleiding,Behandeling
Stoppen met roken (SMR) - Groepstraining,Behandeling
Stoppen met roken (SMR) - Online coaching,Behandeling
Stoppen met roken (SMR) - Persoonlijke coaching,Behandeling
Stoppen met roken (SMR) - Telefonische coaching,Behandeling
Stoppen met roken - Groepstraining,Behandeling
Stoppen met roken - Online coaching,Behandeling
Stoppen met roken - Persoonlijke coaching,Behandeling
Stoppen met roken - Telefonische coaching,Behandeling
Stoppen met roken - begeleiding,Behandeling
Strabismus,Aandoening
Streamer,Hulpmiddel
Strottenhoofdkanker,Aandoening
Studie van de urine,Specialisme
Suikerziekte,Aandoening
Suikerziekte bij kinderen,Aandoening
Syfilis,Aandoening
Syndroom van Adie,Aandoening
Syndroom van Sjögren,Aandoening
Systeemtherapie,Specialisme
TBC,Aandoening
TENS-apparaat,Hulpmiddel
TIA,Aandoening
TV ondertiteling voorlees apparatuur,Hulpmiddel
TVT-operatie,Behandeling
Taaislijmziekte,Aandoening
Tafel,Hulpmiddel
Tafel (sta-tafel),Hulpmiddel
Tandarts,Zorgverlener
Tandarts, algemene mondzorg, centrum voor mondzorg,Zorgverlener
Tandartsangst vanuit bijzondere tandheelkunde met algehele anesthesie  (narcose),Aandoening
Tandartsangst vanuit bijzondere tandheelkunde met lachgas (roesje),Behandeling
Tandheelkundig centrum,Instelling
Tandprotheticus,Zorgverlener
Tandprotheticus (mondzorg),Zorgverlener
Tandprothetiek,Specialisme
Taststok voor blinden en slechtzienden,Hulpmiddel
Taxivervoerder,Behandeling
Te veel transpireren,Aandoening
Teenkappen,Hulpmiddel
Telescoopbril,Hulpmiddel
Termijn echo,Behandeling
Termijn en bloedverlies echo,Behandeling
Terminaal,Behandeling
Terminale zorg,Behandeling
Testis carcinoom,Aandoening
Testis kanker,Aandoening
Testmateriaal Diabetes,Hulpmiddel
Teststrip,Hulpmiddel
Thoraxbandage,Hulpmiddel
Thoraxchirurgie,Specialisme
Thuiszorg,Behandeling
Tijdelijke rimpelvullers,Behandeling
Tillift,Hulpmiddel
Toebehoren insulinepomp,Hulpmiddel
Toiletsteun,Hulpmiddel
Toiletverhoger,Hulpmiddel
Tonsillectomie,Behandeling
Tracheacanule,Hulpmiddel
Tracheacanules,Hulpmiddel
Tracheostomabeschermers,Hulpmiddel
Tracheostomahulpmiddelen,Hulpmiddel
Tranende ogen,Aandoening
Transferplank voor kortdurend gebruik,Hulpmiddel
Transgenderzorg (met indicatie),Behandeling
Trauma,Aandoening
Traumatisch hoofdletsel,Aandoening
Trigger finger (Heelkunde),Aandoening
Trippelstoelen,Hulpmiddel
Trippelstoelen voor kortdurend gebruik,Hulpmiddel
Trippelstoelen voor langdurend gebruik,Hulpmiddel
Troebel hoornvlies,Aandoening
Trombolyse,Behandeling
Trombose,Aandoening
Trombosedienst,Instelling
Trommelvliesbuisje plaatsen,Behandeling
Trommelvliesontsteking,Aandoening
Tuberculose,Aandoening
Tumorengeneeskunde,Specialisme
UWI,Aandoening
Uitgezaaid melanoom (Melanoomcentrum),Aandoening
Uitleen hulpmiddelen,Behandeling
Ureteroscopie,Behandeling
Urineleidersteen,Aandoening
Urineopvangzakken,Hulpmiddel
Urineweginfectie,Aandoening
Urogynaecologie,Specialisme
Urologie,Specialisme
Uroloog,Zorgverlener
VKB,Aandoening
Vallende ziekte,Aandoening
Valpreventie,Behandeling
Vastzetten van ruggenwervels,Behandeling
Verbandmiddelen,Hulpmiddel
Verbandpakken,Hulpmiddel
Verbandschoenen,Hulpmiddel
Verblijf intensieve kindzorg,Behandeling
Verblijf medische kindzorg,Behandeling
Verhoogd cholesterol,Aandoening
Verklevingen,Aandoening
Verloskunde,Specialisme
Verloskundige zorg,Behandeling
Vermeerderde urinelozing,Aandoening
Vermijdende persoonlijkheidsstoornis,Aandoening
Vernauwing halswervelkanaal,Aandoening
Vernauwing kransslagader,Aandoening
Vernauwing van de halsslagader,Aandoening
Vernevelaar,Hulpmiddel
Verpleegkundige dagopvang,Behandeling
Verpleging,Behandeling
Verpleging kinderen,Behandeling
Verpleging thuis,Behandeling
Verruca vulgaris,Aandoening
Verschrompeling van lever,Aandoening
Verslaving,Aandoening
Verslaving overig,Aandoening
Verstevigende spalk, of correctie-apparatuur,Hulpmiddel
Verstijving van de wervelkolom door reuma,Aandoening
Verstoorde lichaamsbeleving,Aandoening
Verstopping,Aandoening
Vervangende heupprothese bij infectie,Aandoening
Vervangende knieprothese bij infectie,Aandoening
Vervangende mantelzorg,Behandeling
Vervoer integrale kindzorg,Behandeling
Vervoer verpleegkundig kinderdagverblijf,Behandeling
Verwijde aderen gezicht,Aandoening
Verwijde buikaorta,Aandoening
Verwijde buikslagader,Aandoening
Verwijderen moedervlek - Dermatologie,Behandeling
Verwijderen moedervlek - Heelkunde,Behandeling
Verwijderen onderhuids vetweefsel,Behandeling
Verwijderen tussenwervelschijf,Behandeling
Verwijderen van fibromen,Behandeling
Verwijdering van maag,Behandeling
Verwijding van de aorta,Aandoening
Verwijding van een slagader,Aandoening
Verziendheid,Aandoening
Verzorging kinderen,Behandeling
Verzorging thuis,Behandeling
Visueel gehandicaptenzorg,Behandeling
Visueel zintuigelijk gehandicaptenzorg,Behandeling
Vleesboom,Aandoening
Vloeibare zuurstof (Ambulox),Hulpmiddel
Vochtophoping,Aandoening
Voedingsadvies (zonder medische indicatie),Behandeling
Voedingspomp met toebehoren,Hulpmiddel
Voedingssonde,Hulpmiddel
Voedselallergie,Aandoening
Voetprothese,Hulpmiddel
Voetzorg bij diabetes mellitus,Behandeling
Voetzorg bij verhoogd risico op voetulcera,Behandeling
Volledig kunstgebit,Hulpmiddel
Volledige gebitsprothese,Hulpmiddel
Voorhoofdslift,Behandeling
Voorhuidsaandoening - Urologie,Aandoening
Voorleesapparatuur,Hulpmiddel
Voorlopige orthopedische schoenen,Hulpmiddel
Voorste kruisband - heelkunde (operatief),Behandeling
Voorste kruisband - orthopedie (operatief),Behandeling
Voorste kruisband operatie - heelkunde,Behandeling
Voorste kruisband operatie - orthopedie,Behandeling
Voorste kruisbandreconstructie - Heelkunde,Behandeling
Voorste kruisbandreconstructie - Orthopedie,Behandeling
Voortplantingsgeneeskunde,Specialisme
Voorzetkamer,Hulpmiddel
Vrouw specifieke hartklachten,Aandoening
Vrouwenhart,Aandoening
Vruchtbaarheidsproblemen man,Aandoening
Vruchtbaarheidsproblemen vrouw,Aandoening
Vruchtwaterpunctie,Behandeling
Vulvakanker,Aandoening
Vulvectomie,Behandeling
Waanbeelden,Aandoening
Wegwerpluiers,Hulpmiddel
Wek- en waarschuwingsinstallaties,Hulpmiddel
Weke delen reuma,Aandoening
Wenkbrauwlift,Behandeling
Whiplash,Aandoening
Wijkverpleging,Behandeling
Wijnvlek,Aandoening
Wild vlees,Aandoening
Windring voor kortdurend gebruik,Hulpmiddel
Wondheelkunde,Specialisme
Wondroos,Aandoening
Wondverbandmiddelen,Hulpmiddel
Wratten,Aandoening
ZBC,Instelling
Zaadbalkanker,Aandoening
Zelfstandig behandelcentrum,Instelling
Zenuwarts,Zorgverlener
Zenuwbehandeling buiten het ruggenmerg,Behandeling
Zenuwcompressie syndroom,Aandoening
Zenuwknoop aan de pols,Aandoening
Zenuwkunde,Specialisme
Zenuwontsteking,Aandoening
Ziekenhuis,Instelling
Ziekenvervoer,Behandeling
Ziekte van Adenoid en Tonsillen,Aandoening
Ziekte van Crohn,Aandoening
Ziekte van Dupuytren - Plastische Chirurgie,Aandoening
Ziekte van Dupuytren - Reumatologie,Aandoening
Ziekte van Graves,Aandoening
Ziekte van Hashimoto,Aandoening
Ziekte van Hodgkin,Aandoening
Ziekte van Kahler,Aandoening
Ziekte van Lyme,Aandoening
Ziekte van Marfan,Aandoening
Ziekte van Parkinson,Aandoening
Ziekte van Pfeiffer,Aandoening
Ziekteangststoornis,Aandoening
Zitkussens,Hulpmiddel
Zitorthese,Hulpmiddel
Zorg geleverd door arts verstandelijk gehandicapten,Behandeling
Zorg geleverd door gedragswetenschapper,Behandeling
Zorg geleverd door specialist ouderengeneeskunde,Behandeling
Zorg in een groep aan kwetsbare patienten,Behandeling
Zorg in een groep lichamelijk gehandicapten of NAH,Behandeling
Zorg in een groep patienten met de ziekte van Huntington,Behandeling
Zorg in een groep voor patienten met sterk gestoord gedrag en een lichte verstandelijke beperking,Behandeling
Zorg thuis,Behandeling
Zuigelingenvoeding,Hulpmiddel
Zuurstofapparatuur,Hulpmiddel
Zuurstofcilinders,Hulpmiddel
Zwangerschap,Aandoening
Zwangerschapsspecialisme,Specialisme
Zwem(borst)prothese,Hulpmiddel
irrigatiesets (obstipatie problematiek),Hulpmiddel
omleiding operatie,Behandeling
real time Continue Glucose Monitoring,Hulpmiddel
rtCGM,Hulpmiddel
ruisje op hart,Aandoening